{ "_id" : "Male", "value" : { "count" : 5017, "height" : 838240.770000001, "weight" : 351199.0700000001, "avg1" : 167.0800817221449, "avg2" : 70.00180785329881 } }
{ "_id" : "Female", "value" : { "count" : 4983, "height" : 832789.7299999992, "weight" : 349377.2700000005, "avg1" : 167.12617499498276, "avg2" : 70.11384105960275 } }

